Distanza,Tempo di esecuzione (s),User time (seconds),System time (seconds),Percent of CPU this job got (%),Elapsed (wall clock) time (s),Maximum resident set size (kbytes),Minor (reclaiming a frame) page faults
5,0.22340420204650754,0.03123695129869086,0.018827712516943998,30.5998459916491,0.2449163591688104,111.02407318949399,257.726864687423
10,0.5122920096704304,0.39806716928725455,0.03793672893514741,10.019578535197402,0.5533259935810116,154.34876167265952,298.7999773038506
15,0.3692684572518704,0.3565190907496616,0.03190503149164342,2.1961303480775296,0.38412536866311603,152.87563873796165,247.45528796174423
20,1.3036144691651583,1.16457209348307,0.04008037901029873,2.057785887457849,1.3353950726283206,134.73959559347622,599.1712629114073
25,1.313798863683674,1.3442129688956028,0.04638172450239524,0.5560534167675368,1.3061402293975086,765.9775693724482,375.3503635302605
30,4.720982056173589,4.679657321180487,0.0726580718316888,0.253708131702463,4.734608226397541,98.26972031624108,221.67504694209862
35,9.999668412548807,9.961841241434247,0.1434392818798494,0.18257418583505503,10.012319428825052,191.8256392198452,339.1611101242143
40,13.565844262576777,11.15664440079158,1.4269414510630438,3.6839419880650377,13.631631981394975,150666.930867868,422673.60244711174
